"id","お葬式CD","葬儀社名","請求先ID","請求先名","施工金額","状態1","アカウントID","アカウント名","状態2","TEL","FAX","EMAIL","郵便番号","住所","仏具","綿花","ドライアイス"
"1","1","Faceee葬儀社確認用","1","Faceee葬儀社確認用","従量割引","本番","1","Faceee","稼働中","06-6226-7864","","k.nishitani@uqo.jp","550-0004","兵庫県神戸市東灘区靱本町"
"1","1","Faceee葬儀社確認用","1","Faceee葬儀社確認用","従量割引","本番","15","Faceee葬儀社確認用","稼働中","06-6226-7864","","k.nishitani@uqo.jp","530-0005","千葉県千葉市中央区中之島"
"1","1","Faceee葬儀社確認用","1","Faceee葬儀社確認用","従量割引","本番","16","Faceee葬儀社確認用","稼働中","06-6226-7864","","","530-0005","大阪府大阪市都島区中之島"
"1","1","Faceee葬儀社確認用","1","Faceee葬儀社確認用","従量割引","本番","17","Faceee葬儀社確認用","稼働中","06-6226-7864","","","530-0005","沖縄県那覇市テスト番地"
"1","1","Faceee葬儀社確認用","1","Faceee葬儀社確認用","従量割引","本番","18","Faceee葬儀社確認用","稼働中","06-6226-7864","","","530-0005","北海道札幌市中央区中之島"
"1","1","Faceee葬儀社確認用","1","Faceee葬儀社確認用","従量割引","本番","19","Faceee葬儀社確認用","稼働中","06-6226-7864","","","530-0005","青森県青森市中之島"
"1","1","Faceee葬儀社確認用","1","Faceee葬儀社確認用","従量割引","本番","20","Faceee葬儀社確認用","稼働中","06-6226-7864","","","530-0005","岩手県盛岡市中之島"
"1","1","Faceee葬儀社確認用","1","Faceee葬儀社確認用","従量割引","本番","21","Faceee葬儀社確認用","稼働中","06-6226-7864","","","530-0005","宮城県仙台市青葉区中之島"
"1","1","Faceee葬儀社確認用","1","Faceee葬儀社確認用","従量割引","本番","22","Faceee葬儀社確認用","稼働中","06-6226-7864","","","530-0005","秋田県秋田市中之島"
"1","1","Faceee葬儀社確認用","1","Faceee葬儀社確認用","従量割引","本番","23","Faceee葬儀社確認用","稼働中","06-6226-7864","","","530-0005","山形県米沢市中之島"
"1","1","Faceee葬儀社確認用","1","Faceee葬儀社確認用","従量割引","本番","24","Faceee葬儀社確認用","稼働中","06-6226-7864","","","530-0005","福島県福島市中之島"
"1","1","Faceee葬儀社確認用","1","Faceee葬儀社確認用","従量割引","本番","25","Faceee葬儀社確認用","稼働中","06-6226-7864","","","530-0005","鹿児島県鹿児島市テスト番地"
"1","1","Faceee葬儀社確認用","1","Faceee葬儀社確認用","従量割引","本番","26","Faceee葬儀社確認用","稼働中","06-6226-7864","","","530-0005","茨城県水戸市中之島"
"1","1","Faceee葬儀社確認用","1","Faceee葬儀社確認用","従量割引","本番","27","Faceee葬儀社確認用","稼働中","06-6226-7864","","","530-0005","宮崎県宮崎市テスト番地"
"1","1","Faceee葬儀社確認用","1","Faceee葬儀社確認用","従量割引","本番","28","Faceee葬儀社確認用","稼働中","06-6226-7864","","","530-0005","栃木県宇都宮市中之島"
"1","1","Faceee葬儀社確認用","1","Faceee葬儀社確認用","従量割引","本番","29","Faceee葬儀社確認用","稼働中","06-6226-7864","","","530-0005","大分県大分市テスト番地"
"1","1","Faceee葬儀社確認用","1","Faceee葬儀社確認用","従量割引","本番","30","Faceee葬儀社確認用","稼働中","06-6226-7864","","","530-0005","群馬県前橋市中之島"
"1","1","Faceee葬儀社確認用","1","Faceee葬儀社確認用","従量割引","本番","31","Faceee葬儀社確認用","稼働中","06-6226-7864","","","530-0005","熊本県熊本市テスト番地"
"1","1","Faceee葬儀社確認用","1","Faceee葬儀社確認用","従量割引","本番","32","Faceee葬儀社確認用","稼働中","06-6226-7864","","","530-0005","新潟県新潟市北区中之島"
"1","1","Faceee葬儀社確認用","1","Faceee葬儀社確認用","従量割引","本番","33","Faceee葬儀社確認用","稼働中","06-6226-7864","","","530-0005","富山県富山市中之島"
"1","1","Faceee葬儀社確認用","1","Faceee葬儀社確認用","従量割引","本番","34","Faceee葬儀社確認用","稼働中","06-6226-7864","","","530-0005","長崎県長崎市テスト番地"
"1","1","Faceee葬儀社確認用","1","Faceee葬儀社確認用","従量割引","本番","35","Faceee葬儀社確認用","稼働中","06-6226-7864","","","530-0005","石川県金沢市中之島"
"1","1","Faceee葬儀社確認用","1","Faceee葬儀社確認用","従量割引","本番","36","Faceee葬儀社確認用","稼働中","06-6226-7864","","","530-0005","福井県福井市中之島"
"1","1","Faceee葬儀社確認用","1","Faceee葬儀社確認用","従量割引","本番","37","Faceee葬儀社確認用","稼働中","06-6226-7864","","","530-0005","佐賀県佐賀市テスト番地"
"1","1","Faceee葬儀社確認用","1","Faceee葬儀社確認用","従量割引","本番","38","Faceee葬儀社確認用","稼働中","06-6226-7864","","","530-0005","福岡県北九州市門司区テスト番地"
"1","1","Faceee葬儀社確認用","1","Faceee葬儀社確認用","従量割引","本番","39","Faceee葬儀社確認用","稼働中","06-6226-7864","","","530-0005","高知県高知市テスト番地"
"1","1","Faceee葬儀社確認用","1","Faceee葬儀社確認用","従量割引","本番","40","Faceee葬儀社確認用","稼働中","06-6226-7864","","","530-0005","山梨県甲府市中之島"
"1","1","Faceee葬儀社確認用","1","Faceee葬儀社確認用","従量割引","本番","41","Faceee葬儀社確認用","稼働中","06-6226-7864","","","530-0005","愛媛県松山市テスト番地"
"1","1","Faceee葬儀社確認用","1","Faceee葬儀社確認用","従量割引","本番","42","Faceee葬儀社確認用","稼働中","06-6226-7864","","","530-0005","長野県長野市中之島"
"1","1","Faceee葬儀社確認用","1","Faceee葬儀社確認用","従量割引","本番","43","Faceee葬儀社確認用","稼働中","06-6226-7864","","","530-0005","香川県高松市テスト番地"
"1","1","Faceee葬儀社確認用","1","Faceee葬儀社確認用","従量割引","本番","44","Faceee葬儀社確認用","稼働中","06-6226-7864","","","530-0005","岐阜県岐阜市中之島"
"1","1","Faceee葬儀社確認用","1","Faceee葬儀社確認用","従量割引","本番","45","Faceee葬儀社確認用","稼働中","06-6226-7864","","","530-0005","静岡県静岡市葵区中之島"
"1","1","Faceee葬儀社確認用","1","Faceee葬儀社確認用","従量割引","本番","46","Faceee葬儀社確認用","稼働中","06-6226-7864","","","530-0005","徳島県徳島市テスト番地"
"1","1","Faceee葬儀社確認用","1","Faceee葬儀社確認用","従量割引","本番","47","Faceee葬儀社確認用","稼働中","06-6226-7864","","","530-0005","山口県下関市テスト番地"
"1","1","Faceee葬儀社確認用","1","Faceee葬儀社確認用","従量割引","本番","48","Faceee葬儀社確認用","稼働中","06-6226-7864","","","530-0005","愛知県名古屋市千種区中之島"
"1","1","Faceee葬儀社確認用","1","Faceee葬儀社確認用","従量割引","本番","49","Faceee葬儀社確認用","稼働中","06-6226-7864","","","530-0005","広島県広島市中区テスト番地"
"1","1","Faceee葬儀社確認用","1","Faceee葬儀社確認用","従量割引","本番","50","Faceee葬儀社確認用","稼働中","06-6226-7864","","","530-0005","三重県津市中之島"
"1","1","Faceee葬儀社確認用","1","Faceee葬儀社確認用","従量割引","本番","51","Faceee葬儀社確認用","稼働中","06-6226-7864","","","530-0005","滋賀県大津市中之島"
"1","1","Faceee葬儀社確認用","1","Faceee葬儀社確認用","従量割引","本番","52","Faceee葬儀社確認用","稼働中","06-6226-7864","","","530-0005","岡山県岡山市北区テスト番地"
"1","1","Faceee葬儀社確認用","1","Faceee葬儀社確認用","従量割引","本番","53","Faceee葬儀社確認用","稼働中","06-6226-7864","","","530-0005","和歌山県和歌山市中之島"
"1","1","Faceee葬儀社確認用","1","Faceee葬儀社確認用","従量割引","本番","54","Faceee葬儀社確認用","稼働中","06-6226-7864","","","530-0005","島根県松江市テスト番地"
"1","1","Faceee葬儀社確認用","1","Faceee葬儀社確認用","従量割引","本番","55","Faceee葬儀社確認用","稼働中","06-6226-7864","","","530-0005","鳥取県鳥取市中之島"
"1","1","Faceee葬儀社確認用","1","Faceee葬儀社確認用","従量割引","本番","56","Faceee葬儀社確認用","稼働中","06-6226-7864","","","530-0005","京都府京都市北区中之島"
"1","1","Faceee葬儀社確認用","1","Faceee葬儀社確認用","従量割引","本番","57","Faceee葬儀社確認用","稼働中","06-6226-7864","","","530-0005","奈良県奈良市中之島"
"1","1","Faceee葬儀社確認用","1","Faceee葬儀社確認用","従量割引","本番","58","Faceee葬儀社確認用","稼働中","06-6226-7864","","","530-0005","東京都千代田区中之島"
"1","1","Faceee葬儀社確認用","1","Faceee葬儀社確認用","従量割引","本番","59","Faceee葬儀社確認用","稼働中","06-6226-7864","","","530-0005","神奈川県横浜市神奈川区中之島"
"1","1","Faceee葬儀社確認用","1","Faceee葬儀社確認用","従量割引","本番","60","Faceee葬儀社確認用","稼働中","06-6226-7864","","","530-0005","埼玉県さいたま市北区中之島"
"2","10823","株式会社感謝","2","株式会社感謝","3000円","本番","2","DEV_株式会社感謝","稼働中","","","","000-0000","大阪府大阪市住之江区中加賀屋1丁目2番7号"
"3","25878","あんしん典礼 埼玉","3","Faceee葬儀社確認用","3000円","本番","3","あんしん典礼 埼玉","稼働中","048-811-3085","","","","埼玉県川口市道祖土1-25-11"
"4","2","株式会社ファランクス","4","株式会社ファランクス","3000円","本番","4","株式会社ファランクス","稼働中","03-3344-2300","","","","東京都新宿区西新宿6-24-1"
"5","13116","日本典礼","5","日本典礼","3000円","本番","6","株式会社日本典礼","稼働中","03-5691-1121","","","","東京都足立区谷在家2丁目1−16"
"6","13149","SKKフューネラルサービス","6","SKKフューネラルサービス","3000円","本番","7","DEV_SKKフューネラルサービス","稼働中","","","","","東京都杉並区和田2-3-14 メゾンK＆M 1F"
"7","0","a","7","a","3000円","テスト期間","8","test","停止中","12-3456-7890","12-3456-7890","test@test.com","123-4567","北海道札幌市豊平区test"
"9","13","株式会社細谷本店","9","株式会社細谷本店","3000円","テスト期間","9","株式会社細谷本店","停止中","03-3610-2121","03-3610-2124","","131-0032","東京都墨田区東向島6-2-13"
"10","16","株式会社日比谷花壇","10","株式会社日比谷花壇","3000円","テスト期間","10","株式会社日比谷花壇","停止中","03-5444-8711","03-5444-8760","","550-0005","大阪府大阪市北区中之島２−２−２"
"11","111111","テスト葬祭","11","テスト葬祭","3000円","テスト期間","11","テスト葬祭","稼働中","102011","1020aa","","ああ","福井県福井市hogehoge"
"12","15091","DEV_株式会社ハートフル（セレモ）","1","Faceee葬儀社確認用","2400円","テスト期間","12","DEV_株式会社ハートフル（セレモ）","稼働中","000-0000-0000","","","530-0005","大阪府大阪市都島区中之島"
"13","61","DEV_株式会社和泉セレモニーセンター","1","Faceee葬儀社確認用","3000円","テスト期間","13","DEV_株式会社和泉セレモニーセンター","稼働中","06-6226-7864","","","530-0005","大阪府大阪市都島区中之島"
"14","7"," 洛王セレモニー株式会社","12","洛王セレモニー株式会社　さなだ","3000円","テスト期間","14"," 洛王セレモニー株式会社","稼働中","075-933-4242","0759333358","","601-8211","京都府京都市南区久世高田町35-3"